id;nom;prenom;date_naiss;lieu_naiss;sexe;telephone;email;profil
1;Stagiaire tantôt de;Métal Diesel dicta;2023-03-27;commodi;FEMME;4184;Parfait.Simon94@yahoo.fr;PROFESSIONNEL
2;Danemark Ordinateurs;Blues Reggae;2023-03-28;Diesel Prêt broum;HOMME;16120;Alpinien.Fabre@yahoo.fr;ETUDIANT
3;crédit;électorat;2023-03-27;Account en;FEMME;5206;Tatiana48@yahoo.fr;PROFESSIONNEL
4;Soul;Rwanda Rock;2023-03-27;en Plastique Nord;HOMME;11678;Longin.Mathieu97@gmail.com;PROFESSIONNEL
5;Ouest Bretagne Superviseur;Essence minuscule;2023-03-27;Est Centre poursuivre;HOMME;22031;Amalric14@hotmail.fr;ELEVE
6;adorable paiement azur;fourbe;2023-03-28;puis rouille autrement;HOMME;2327;Renee_Leroux@gmail.com;ELEVE
7;facere de;chez Clavier Plastique;2023-03-27;paiement Danemark;HOMME;32298;Flavie.Leroux63@hotmail.fr;ELEVE
8;paf;Moldavie Voie;2023-03-27;cerise;HOMME;22763;Philippe.Leroy@yahoo.fr;PROFESSIONNEL
9;Fromage Frais;boum;2023-03-27;ipsa Diesel Kazakhstan;FEMME;19116;Bon85@gmail.com;ELEVE
10;argent;habile réveiller;2023-03-27;immobilier lilas Beauté;HOMME;25002;Melissa37@hotmail.fr;PROFESSIONNEL
