id;num_dossier;date_naiss;prenom;nom;nom_utilisateur;region_naiss;departement_naiss;lieu_naiss;type_piece;numero_piece;sexe;region_residence;dep_residence;adresse_residence;telephone_1;telephone_2;email;niveau_formation;specialite_1;specialite_2;diplome_requis;cv;cv_content_type;lettre_motivation;profession
1;markets multi-tasking oriental;2023-03-27;Home deliverables;Bedfordshire Frozen;connecting teal;KAOLACK;FATICK;Pound;PASSEPORT;47033;FEMME;THIES;DAKAR;AGP TCP;Cape Soft web-enabled;copying Suriname connect;Julia_Brun@gmail.com;CQP;SANTE_BIOLOGIE_CHIMIE;Autres;DNBA;../fake-data/blob/hipster.png;image/png;../fake-data/blob/hipster.txt;Handcrafted
2;definition tan;2023-03-28;Aquitaine Loan withdrawal;Awesome sticky payment;invoice XML;DIOURBEL;BOUNKILING;Tuna Cotton;CNI;35662;FEMME;KEDOUGOU;KOUNGHEUR;bandwidth;executive Chicken Configurable;deposit;Claude_Nguyen@hotmail.fr;BT1;PECHE;Autres;Autres;../fake-data/blob/hipster.png;image/png;../fake-data/blob/hipster.txt;Agent a
3;SSL d'Assas Down-sized;2023-03-28;mission-critical port;Programmable digital calculate;up;KAFFRINE;GUEDIAWAYE;lime Richelieu;CNI;92001;FEMME;AUTRE;RANEROU_FERLO;Litas Dollar input;violet;b;Nadge_Schneider34@hotmail.fr;BTI;INSDUSTRIE_CULTURELLE_ET_CREATIVE;S5;Autres;../fake-data/blob/hipster.png;image/png;../fake-data/blob/hipster.txt;b
4;b SMTP JBOD;2023-03-28;withdrawal a;Integrated;primary;AUTRE;BOUNKILING;Syrie Haute-Normandie AGP;PASSEPORT;17666;FEMME;DIOURBEL;RUFISQUE;reboot Serbian Sleek;a Pound deposit;intermediate c;Camillien_Morel36@yahoo.fr;CPS;SPORT;STIDD_M;MASTER;../fake-data/blob/hipster.png;image/png;../fake-data/blob/hipster.txt;Intuitive Towels tan
5;Salad connecting;2023-03-28;Public-key product budgetary;Moli√®re b c;port program Maldives;SEDHIOU;THIES;Right-sized;PASSEPORT;39401;FEMME;LOUGA;NIORO;deposit Health;whiteboard Pizza;indexing alarm;Julien.Olivier30@yahoo.fr;Titre_professionnel;INFORMATIQUE_ET_NUMERIQUE;F6;Autres;../fake-data/blob/hipster.png;image/png;../fake-data/blob/hipster.txt;architect
6;deposit Chips;2023-03-27;hack portals Australie;Gambie;Agent;DAKAR;VELINGARA;Plastic Gorgeous a;PASSEPORT;84560;FEMME;THIES;BAKEL;c;Ergonomic Refined Granite;Progressive Avon;Yolande27@yahoo.fr;BEP;INSDUSTRIE_CULTURELLE_ET_CREATIVE;Autres;DNBA;../fake-data/blob/hipster.png;image/png;../fake-data/blob/hipster.txt;payment teal Secured
7;Bourgogne generate;2023-03-28;technologies a;parsing Bedfordshire Plastic;aggregate;DIOURBEL;KEBEMERE;a c;CNI;49686;HOMME;SEDHIOU;GOUDIRY;Cambridgeshire a multi-byte;b;transmit vertical architectures;Lucien84@hotmail.fr;BFEM;TOURISME;S4;CAP;../fake-data/blob/hipster.png;image/png;../fake-data/blob/hipster.txt;payment
8;SAS Aquitaine;2023-03-28;Pastourelle;XSS supply-chains;a GB withdrawal;ZIGINCHOR;GUEDIAWAYE;Monitored Outdoors conglomeration;PASSEPORT;25989;FEMME;DIOURBEL;MBOUR;uniform Cotton;Games ADP;analyzing;Alinor.Berger@gmail.com;Equivalent_BAC;HABILLEMENT;S5;BAC;../fake-data/blob/hipster.png;image/png;../fake-data/blob/hipster.txt;actuating payment
9;Cheese a Bonaparte;2023-03-28;utilisation Keyboard;reinvent;metrics haptic Executif;MATAM;TAMBACOUNDA;parsing;PASSEPORT;64492;FEMME;DAKAR;KOUMPENTOUM;Buckinghamshire Coordinateur program;Stagiaire Frozen Small;compress;Arolde_Gautier53@gmail.com;Attestation;ELEVAGE;STEG;BFEM;../fake-data/blob/hipster.png;image/png;../fake-data/blob/hipster.txt;white indigo yellow
10;Chair Croatian;2023-03-27;Steel Richelieu channels;invoice payment Assistant;Plastic Account;TAMBACOUNDA;GOUDIRY;b framework infrastructure;CNI;27293;FEMME;FATICK;LOUGA;b;Picardie Berkshire ivory;Oberkampf;Colin_Perez54@yahoo.fr;CPS;AGRICULTURE;STIDD_E;BFEM;../fake-data/blob/hipster.png;image/png;../fake-data/blob/hipster.txt;a a compressing
