id;profession;nom;prenom;date_naiss;lieu_naiss;sexe;telephone;adresse_physique;region_residence;depart_residence;email;cni
1;Cayman Administrateur;neural;microchip bandwidth Île-de-France;2023-03-27;clicks-and-mortar;HOMME;78330;incubate a a;KOLDA;DAGANA;Aveline_Fernandez@gmail.com;58363
2;withdrawal withdrawal Avon;connecting Computers c;Fantastic Right-sized;2023-03-27;sensor Lettonie;FEMME;50097;override Books;DAKAR;SEDHIOU;Gustave.Royer@yahoo.fr;17444
3;Soft Synchronised synthesize;mindshare synthesizing;Awesome array;2023-03-27;blue FTP cyan;FEMME;71491;invoice;AUTRE;KOUMPENTOUM;Adlade_Gauthier@yahoo.fr;80246
4;Cotton;c Account;bypass;2023-03-28;Soap customized Havre;HOMME;38514;primary b;KAFFRINE;LOUGA;Alexis_Rodriguez@gmail.com;97602
5;Du productize context-sensitive;Outdoors program;Account Ingenieur;2023-03-27;discrete methodology Mouse;FEMME;65476;Frozen Nord-Pas-de-Calais;DIOURBEL;RUFISQUE;Andoche.Renaud@gmail.com;95132
6;mobile Electronics Producteur;evolve Bike;AGP;2023-03-28;c Mouse;FEMME;47460;de infrastructures withdrawal;THIES;GUINGUINEO;lonore.Roche97@gmail.com;25303
7;a Sports connect;Ergonomic;Architecte bi-directional Provence-Alpes-Côte;2023-03-28;parse Jewelery;HOMME;58366;l'Odéon Loan;SAINT_LOUIS;MATAM;Germain.Gerard@hotmail.fr;22985
8;firewall;Gorgeous d'Argenteuil;Lek Car;2023-03-27;Liberia multi-byte;HOMME;98402;compressing Mouse;ZIGINCHOR;RANEROU_FERLO;Narcisse.Marchal@gmail.com;45556
9;Fresh;hacking;l'Abbaye;2023-03-27;c matrix Dollar);HOMME;80094;Streamlined Chair Analyste;KAFFRINE;DAKAR;Barbe.Perrin@hotmail.fr;24813
10;synergize c;Centre Borders;grey Fresh;2023-03-28;methodologies;HOMME;33181;transmitting;KOLDA;FOUNDIOUGNE;Aurlienne.Rousseau@hotmail.fr;38535
